oajrlxb2 href,d2edcug0,kvgmc6g5,oajrlxb2 href 3,tojvnm2t,iiswpqb6 src,pq6dq46d src
https://www.facebook.com/soy.kosal.3?comment_id=Y29tbWVudDoyMTE0MzMwMzIyMDM3MDMwXzIxMTQ3MjQ1MTUzMzA5NDQ%3D&__cft__[0]=AZVJbdAayS3faYR56yOe5E00uzjrtWYRcQW_23pQX2kFBz0_YFud8UPRz3UUCIgZfqytBQUjR95p5ZWBBgpI4tgMmtbqeL5c6KFnzmw8-zYIOMS_FjjZPZlUH0FPmqXZpBs0KcC3AVBuhDAX3AQ6a_3u&__tn__=R]-R,Soy Kosal,ធ្វេីការតាំងពីខ្លួនលំបាកខ្លាំង​ រហូតដល់វេទនាតាមក្រោយ,https://www.facebook.com/JimmyMengkh/posts/2114330322037030?comment_id=2114724515330944&__cft__[0]=AZVJbdAayS3faYR56yOe5E00uzjrtWYRcQW_23pQX2kFBz0_YFud8UPRz3UUCIgZfqytBQUjR95p5ZWBBgpI4tgMmtbqeL5c6KFnzmw8-zYIOMS_FjjZPZlUH0FPmqXZpBs0KcC3AVBuhDAX3AQ6a_3u&__tn__=R]-R,17h,,
https://www.facebook.com/profile.php?id=100044612344587&comment_id=Y29tbWVudDoyMTE0MzMwMzIyMDM3MDMwXzIxMTQ2MDY0Mzg2NzYwODU%3D&__cft__[0]=AZVJbdAayS3faYR56yOe5E00uzjrtWYRcQW_23pQX2kFBz0_YFud8UPRz3UUCIgZfqytBQUjR95p5ZWBBgpI4tgMmtbqeL5c6KFnzmw8-zYIOMS_FjjZPZlUH0FPmqXZpBs0KcC3AVBuhDAX3AQ6a_3u&__tn__=R]-R,Šÿ Ťä,អានសាររបស់បងជីមីហើយទោសបាកទឹកចិត្តខ្លាំងយ៉ាងណាក៏នៅតែញញឹមបានដែរ,https://www.facebook.com/JimmyMengkh/posts/2114330322037030?comment_id=2114606438676085&__cft__[0]=AZVJbdAayS3faYR56yOe5E00uzjrtWYRcQW_23pQX2kFBz0_YFud8UPRz3UUCIgZfqytBQUjR95p5ZWBBgpI4tgMmtbqeL5c6KFnzmw8-zYIOMS_FjjZPZlUH0FPmqXZpBs0KcC3AVBuhDAX3AQ6a_3u&__tn__=R]-R,20h,,https://static.xx.fbcdn.net/images/emoji.php/v9/t7f/1/16/1f60a.png
https://www.facebook.com/profile.php?id=100033875984469&comment_id=Y29tbWVudDoyMTE0MzMwMzIyMDM3MDMwXzIxMTUwNDkzMjUyOTg0NjM%3D&__cft__[0]=AZVJbdAayS3faYR56yOe5E00uzjrtWYRcQW_23pQX2kFBz0_YFud8UPRz3UUCIgZfqytBQUjR95p5ZWBBgpI4tgMmtbqeL5c6KFnzmw8-zYIOMS_FjjZPZlUH0FPmqXZpBs0KcC3AVBuhDAX3AQ6a_3u&__tn__=R]-R,មន្នី រ័ត្ន,,https://www.facebook.com/JimmyMengkh/posts/2114330322037030?comment_id=2115049325298463&__cft__[0]=AZVJbdAayS3faYR56yOe5E00uzjrtWYRcQW_23pQX2kFBz0_YFud8UPRz3UUCIgZfqytBQUjR95p5ZWBBgpI4tgMmtbqeL5c6KFnzmw8-zYIOMS_FjjZPZlUH0FPmqXZpBs0KcC3AVBuhDAX3AQ6a_3u&__tn__=R]-R,7h,https://scontent.fpnh10-1.fna.fbcdn.net/v/t39.1997-6/cp0/s110x80/47270791_937342239796388_4222599360510164992_n.png?_nc_cat=1&ccb=2&_nc_sid=ac3552&_nc_ohc=pID2H33yDCMAX8bM2Bn&_nc_oc=AQkOwviKoCTuJYblWKWgyluj9ZFXWQx9ldcJb-p8tqqnzUG79mSDSL9DT5b7pjDggqY&_nc_ht=scontent.fpnh10-1.fna&_nc_tp=30&oh=ef90cc22c681223e73fc3cb838e57025&oe=602BDCCD,
https://www.facebook.com/danet.dt?comment_id=Y29tbWVudDoyMTE0MzMwMzIyMDM3MDMwXzIxMTQ2Mzg0MDg2NzI4ODg%3D&__cft__[0]=AZVJbdAayS3faYR56yOe5E00uzjrtWYRcQW_23pQX2kFBz0_YFud8UPRz3UUCIgZfqytBQUjR95p5ZWBBgpI4tgMmtbqeL5c6KFnzmw8-zYIOMS_FjjZPZlUH0FPmqXZpBs0KcC3AVBuhDAX3AQ6a_3u&__tn__=R]-R,Danet DT,,https://www.facebook.com/JimmyMengkh/posts/2114330322037030?comment_id=2114638408672888&__cft__[0]=AZVJbdAayS3faYR56yOe5E00uzjrtWYRcQW_23pQX2kFBz0_YFud8UPRz3UUCIgZfqytBQUjR95p5ZWBBgpI4tgMmtbqeL5c6KFnzmw8-zYIOMS_FjjZPZlUH0FPmqXZpBs0KcC3AVBuhDAX3AQ6a_3u&__tn__=R]-R,19h,,https://static.xx.fbcdn.net/images/emoji.php/v9/t72/1/32/2764.png
https://www.facebook.com/soeung.chhayheng?comment_id=Y29tbWVudDoyMTE0MzMwMzIyMDM3MDMwXzIxMTQ3MzY3NzE5OTYzODU%3D&__cft__[0]=AZVJbdAayS3faYR56yOe5E00uzjrtWYRcQW_23pQX2kFBz0_YFud8UPRz3UUCIgZfqytBQUjR95p5ZWBBgpI4tgMmtbqeL5c6KFnzmw8-zYIOMS_FjjZPZlUH0FPmqXZpBs0KcC3AVBuhDAX3AQ6a_3u&__tn__=R]-R,Soeung C. Chhayheng,ហើយក៏ស្លាប់ទៅវិញ,https://www.facebook.com/JimmyMengkh/posts/2114330322037030?comment_id=2114736771996385&__cft__[0]=AZVJbdAayS3faYR56yOe5E00uzjrtWYRcQW_23pQX2kFBz0_YFud8UPRz3UUCIgZfqytBQUjR95p5ZWBBgpI4tgMmtbqeL5c6KFnzmw8-zYIOMS_FjjZPZlUH0FPmqXZpBs0KcC3AVBuhDAX3AQ6a_3u&__tn__=R]-R,16h,,
https://www.facebook.com/angle.love.169?comment_id=Y29tbWVudDoyMTE0MzMwMzIyMDM3MDMwXzIxMTUwNzQxNDg2MjkzMTQ%3D&__cft__[0]=AZVJbdAayS3faYR56yOe5E00uzjrtWYRcQW_23pQX2kFBz0_YFud8UPRz3UUCIgZfqytBQUjR95p5ZWBBgpI4tgMmtbqeL5c6KFnzmw8-zYIOMS_FjjZPZlUH0FPmqXZpBs0KcC3AVBuhDAX3AQ6a_3u&__tn__=R]-R,Nhoung Sreypheak,ជីវិតមនុស្សម្នាក់ៗមិនងាយស្រួលដូចគ្នាទេ អ្នកខ្លះធ្វើការរហូតទាល់តែ   ក៏នៅតែគ្មានសល់អ្វីដែរ,https://www.facebook.com/JimmyMengkh/posts/2114330322037030?comment_id=2115074148629314&__cft__[0]=AZVJbdAayS3faYR56yOe5E00uzjrtWYRcQW_23pQX2kFBz0_YFud8UPRz3UUCIgZfqytBQUjR95p5ZWBBgpI4tgMmtbqeL5c6KFnzmw8-zYIOMS_FjjZPZlUH0FPmqXZpBs0KcC3AVBuhDAX3AQ6a_3u&__tn__=R]-R,6h,,https://static.xx.fbcdn.net/images/emoji.php/v9/td7/1/16/1f47b.png
https://www.facebook.com/profile.php?id=100042964156965&comment_id=Y29tbWVudDoyMTE0MzMwMzIyMDM3MDMwXzIxMTQ3MDUwNjUzMzI4ODk%3D&__cft__[0]=AZVJbdAayS3faYR56yOe5E00uzjrtWYRcQW_23pQX2kFBz0_YFud8UPRz3UUCIgZfqytBQUjR95p5ZWBBgpI4tgMmtbqeL5c6KFnzmw8-zYIOMS_FjjZPZlUH0FPmqXZpBs0KcC3AVBuhDAX3AQ6a_3u&__tn__=R]-R,Srey Leak,សម្តីមាស លឺហើយធ្វើអោយមនុស្សដែរអស់សង្ឃឹម មានកំលាំងចិត្ត,https://www.facebook.com/JimmyMengkh/posts/2114330322037030?comment_id=2114705065332889&__cft__[0]=AZVJbdAayS3faYR56yOe5E00uzjrtWYRcQW_23pQX2kFBz0_YFud8UPRz3UUCIgZfqytBQUjR95p5ZWBBgpI4tgMmtbqeL5c6KFnzmw8-zYIOMS_FjjZPZlUH0FPmqXZpBs0KcC3AVBuhDAX3AQ6a_3u&__tn__=R]-R,17h,,https://static.xx.fbcdn.net/images/emoji.php/v9/t7f/1/16/1f60a.png
https://www.facebook.com/phanna.newpersen?comment_id=Y29tbWVudDoyMTE0MzMwMzIyMDM3MDMwXzIxMTQ1ODg4MDIwMTExODI%3D&__cft__[0]=AZVJbdAayS3faYR56yOe5E00uzjrtWYRcQW_23pQX2kFBz0_YFud8UPRz3UUCIgZfqytBQUjR95p5ZWBBgpI4tgMmtbqeL5c6KFnzmw8-zYIOMS_FjjZPZlUH0FPmqXZpBs0KcC3AVBuhDAX3AQ6a_3u&__tn__=R]-R,Phãññâ Ñés Pëŕšèń,អរគុណបងសម្រាប់ការដែលបងជួុយផ្ដលនៅគំនិតល្អៗ,https://www.facebook.com/JimmyMengkh/posts/2114330322037030?comment_id=2114588802011182&__cft__[0]=AZVJbdAayS3faYR56yOe5E00uzjrtWYRcQW_23pQX2kFBz0_YFud8UPRz3UUCIgZfqytBQUjR95p5ZWBBgpI4tgMmtbqeL5c6KFnzmw8-zYIOMS_FjjZPZlUH0FPmqXZpBs0KcC3AVBuhDAX3AQ6a_3u&__tn__=R]-R,20h,,https://static.xx.fbcdn.net/images/emoji.php/v9/t75/1/16/1f618.png
https://www.facebook.com/ahangkomix.real.1?comment_id=Y29tbWVudDoyMTE0MzMwMzIyMDM3MDMwXzIxMTQ3NDQ5OTE5OTU1NjM%3D&__cft__[0]=AZVJbdAayS3faYR56yOe5E00uzjrtWYRcQW_23pQX2kFBz0_YFud8UPRz3UUCIgZfqytBQUjR95p5ZWBBgpI4tgMmtbqeL5c6KFnzmw8-zYIOMS_FjjZPZlUH0FPmqXZpBs0KcC3AVBuhDAX3AQ6a_3u&__tn__=R]-R,Kim Hong,ខំអានតាំងពីដេីមមក​ ចង់រកផ្អែកអប់រំ,https://www.facebook.com/JimmyMengkh/posts/2114330322037030?comment_id=2114744991995563&__cft__[0]=AZVJbdAayS3faYR56yOe5E00uzjrtWYRcQW_23pQX2kFBz0_YFud8UPRz3UUCIgZfqytBQUjR95p5ZWBBgpI4tgMmtbqeL5c6KFnzmw8-zYIOMS_FjjZPZlUH0FPmqXZpBs0KcC3AVBuhDAX3AQ6a_3u&__tn__=R]-R,16h,,https://static.xx.fbcdn.net/images/emoji.php/v9/tc0/1/16/1f926_1f3fb_200d_2642.png
https://www.facebook.com/taa.oun.71?comment_id=Y29tbWVudDoyMTE0MzMwMzIyMDM3MDMwXzIxMTUzMjk0ODUyNzA0NDc%3D&__cft__[0]=AZVJbdAayS3faYR56yOe5E00uzjrtWYRcQW_23pQX2kFBz0_YFud8UPRz3UUCIgZfqytBQUjR95p5ZWBBgpI4tgMmtbqeL5c6KFnzmw8-zYIOMS_FjjZPZlUH0FPmqXZpBs0KcC3AVBuhDAX3AQ6a_3u&__tn__=R]-R,Oun Taa,,https://www.facebook.com/JimmyMengkh/posts/2114330322037030?comment_id=2115329485270447&__cft__[0]=AZVJbdAayS3faYR56yOe5E00uzjrtWYRcQW_23pQX2kFBz0_YFud8UPRz3UUCIgZfqytBQUjR95p5ZWBBgpI4tgMmtbqeL5c6KFnzmw8-zYIOMS_FjjZPZlUH0FPmqXZpBs0KcC3AVBuhDAX3AQ6a_3u&__tn__=R]-R,3h,https://scontent.fpnh10-1.fna.fbcdn.net/v/t39.1997-6/p160x160/851592_490565377723574_924545120_n.png?_nc_cat=1&ccb=2&_nc_sid=0572db&_nc_ohc=sNoFWRJX7eIAX-IDt5b&_nc_ht=scontent.fpnh10-1.fna&_nc_tp=30&oh=75fdd5f9f69ba17f0755f19fc67c7ba5&oe=6029DDF3,
https://www.facebook.com/profile.php?id=100041299361321&comment_id=Y29tbWVudDoyMTE0MzMwMzIyMDM3MDMwXzIxMTQ1OTQ0NDg2NzcyODQ%3D&__cft__[0]=AZVJbdAayS3faYR56yOe5E00uzjrtWYRcQW_23pQX2kFBz0_YFud8UPRz3UUCIgZfqytBQUjR95p5ZWBBgpI4tgMmtbqeL5c6KFnzmw8-zYIOMS_FjjZPZlUH0FPmqXZpBs0KcC3AVBuhDAX3AQ6a_3u&__tn__=R]-R,សែន សែន,មានលេខអ្នកគ្រូហុងស៊ុយអត់ចែ,https://www.facebook.com/JimmyMengkh/posts/2114330322037030?comment_id=2114594448677284&__cft__[0]=AZVJbdAayS3faYR56yOe5E00uzjrtWYRcQW_23pQX2kFBz0_YFud8UPRz3UUCIgZfqytBQUjR95p5ZWBBgpI4tgMmtbqeL5c6KFnzmw8-zYIOMS_FjjZPZlUH0FPmqXZpBs0KcC3AVBuhDAX3AQ6a_3u&__tn__=R]-R,20h,,
https://www.facebook.com/thida.thav?comment_id=Y29tbWVudDoyMTE0MzMwMzIyMDM3MDMwXzIxMTUzMjk2ODE5MzcwOTQ%3D&__cft__[0]=AZVJbdAayS3faYR56yOe5E00uzjrtWYRcQW_23pQX2kFBz0_YFud8UPRz3UUCIgZfqytBQUjR95p5ZWBBgpI4tgMmtbqeL5c6KFnzmw8-zYIOMS_FjjZPZlUH0FPmqXZpBs0KcC3AVBuhDAX3AQ6a_3u&__tn__=R]-R,Thida Thav,ស្រលាញ់បងស្រីពេញបេះដូង,https://www.facebook.com/JimmyMengkh/posts/2114330322037030?comment_id=2115329681937094&__cft__[0]=AZVJbdAayS3faYR56yOe5E00uzjrtWYRcQW_23pQX2kFBz0_YFud8UPRz3UUCIgZfqytBQUjR95p5ZWBBgpI4tgMmtbqeL5c6KFnzmw8-zYIOMS_FjjZPZlUH0FPmqXZpBs0KcC3AVBuhDAX3AQ6a_3u&__tn__=R]-R,3h,,
https://www.facebook.com/profile.php?id=100028936965311&comment_id=Y29tbWVudDoyMTE0MzMwMzIyMDM3MDMwXzIxMTQ2MDU2NjIwMDk0OTY%3D&__cft__[0]=AZVJbdAayS3faYR56yOe5E00uzjrtWYRcQW_23pQX2kFBz0_YFud8UPRz3UUCIgZfqytBQUjR95p5ZWBBgpI4tgMmtbqeL5c6KFnzmw8-zYIOMS_FjjZPZlUH0FPmqXZpBs0KcC3AVBuhDAX3AQ6a_3u&__tn__=R]-R,Sopheaktra Stand,,https://www.facebook.com/JimmyMengkh/posts/2114330322037030?comment_id=2114605662009496&__cft__[0]=AZVJbdAayS3faYR56yOe5E00uzjrtWYRcQW_23pQX2kFBz0_YFud8UPRz3UUCIgZfqytBQUjR95p5ZWBBgpI4tgMmtbqeL5c6KFnzmw8-zYIOMS_FjjZPZlUH0FPmqXZpBs0KcC3AVBuhDAX3AQ6a_3u&__tn__=R]-R,20h,https://scontent.fpnh10-1.fna.fbcdn.net/v/t39.1997-6/cp0/s110x80/47270791_937342239796388_4222599360510164992_n.png?_nc_cat=1&ccb=2&_nc_sid=ac3552&_nc_ohc=pID2H33yDCMAX8bM2Bn&_nc_oc=AQkOwviKoCTuJYblWKWgyluj9ZFXWQx9ldcJb-p8tqqnzUG79mSDSL9DT5b7pjDggqY&_nc_ht=scontent.fpnh10-1.fna&_nc_tp=30&oh=ef90cc22c681223e73fc3cb838e57025&oe=602BDCCD,
https://www.facebook.com/profile.php?id=100014290366839&comment_id=Y29tbWVudDoyMTE0MzMwMzIyMDM3MDMwXzIxMTQ2Mjg2MDIwMDcyMDI%3D&__cft__[0]=AZVJbdAayS3faYR56yOe5E00uzjrtWYRcQW_23pQX2kFBz0_YFud8UPRz3UUCIgZfqytBQUjR95p5ZWBBgpI4tgMmtbqeL5c6KFnzmw8-zYIOMS_FjjZPZlUH0FPmqXZpBs0KcC3AVBuhDAX3AQ6a_3u&__tn__=R]-R,វណ្ណជី កម្ពុជា,មានន័យណាស់បង,https://www.facebook.com/JimmyMengkh/posts/2114330322037030?comment_id=2114628602007202&__cft__[0]=AZVJbdAayS3faYR56yOe5E00uzjrtWYRcQW_23pQX2kFBz0_YFud8UPRz3UUCIgZfqytBQUjR95p5ZWBBgpI4tgMmtbqeL5c6KFnzmw8-zYIOMS_FjjZPZlUH0FPmqXZpBs0KcC3AVBuhDAX3AQ6a_3u&__tn__=R]-R,19h,,
https://www.facebook.com/profile.php?id=100026571228927&comment_id=Y29tbWVudDoyMTE0MzMwMzIyMDM3MDMwXzIxMTUwMDk1NDg2MzU3NzQ%3D&__cft__[0]=AZVJbdAayS3faYR56yOe5E00uzjrtWYRcQW_23pQX2kFBz0_YFud8UPRz3UUCIgZfqytBQUjR95p5ZWBBgpI4tgMmtbqeL5c6KFnzmw8-zYIOMS_FjjZPZlUH0FPmqXZpBs0KcC3AVBuhDAX3AQ6a_3u&__tn__=R]-R,ស៊ូ សែនលីហ្សា,,https://www.facebook.com/JimmyMengkh/posts/2114330322037030?comment_id=2115009548635774&__cft__[0]=AZVJbdAayS3faYR56yOe5E00uzjrtWYRcQW_23pQX2kFBz0_YFud8UPRz3UUCIgZfqytBQUjR95p5ZWBBgpI4tgMmtbqeL5c6KFnzmw8-zYIOMS_FjjZPZlUH0FPmqXZpBs0KcC3AVBuhDAX3AQ6a_3u&__tn__=R]-R,8h,https://scontent.fpnh10-1.fna.fbcdn.net/v/t39.1997-6/p240x240/14130018_1775288519378519_561823984_n.png?_nc_cat=1&ccb=2&_nc_sid=0572db&_nc_ohc=qAnsNZRxem0AX8-bZbv&_nc_ht=scontent.fpnh10-1.fna&_nc_tp=30&oh=32495aaabb39ae21e6ee8546a766dd95&oe=6029A579,
https://www.facebook.com/serey.soung.357?comment_id=Y29tbWVudDoyMTE0MzMwMzIyMDM3MDMwXzIxMTQ1NjU5NTIwMTM0Njc%3D&__cft__[0]=AZVJbdAayS3faYR56yOe5E00uzjrtWYRcQW_23pQX2kFBz0_YFud8UPRz3UUCIgZfqytBQUjR95p5ZWBBgpI4tgMmtbqeL5c6KFnzmw8-zYIOMS_FjjZPZlUH0FPmqXZpBs0KcC3AVBuhDAX3AQ6a_3u&__tn__=R]-R,Serey Soung,,https://www.facebook.com/JimmyMengkh/posts/2114330322037030?comment_id=2114565952013467&__cft__[0]=AZVJbdAayS3faYR56yOe5E00uzjrtWYRcQW_23pQX2kFBz0_YFud8UPRz3UUCIgZfqytBQUjR95p5ZWBBgpI4tgMmtbqeL5c6KFnzmw8-zYIOMS_FjjZPZlUH0FPmqXZpBs0KcC3AVBuhDAX3AQ6a_3u&__tn__=R]-R,21h,,https://static.xx.fbcdn.net/images/emoji.php/v9/te9/1/16/1f496.png
https://www.facebook.com/phea.reak.75470?comment_id=Y29tbWVudDoyMTE0MzMwMzIyMDM3MDMwXzIxMTQ4OTEwMzUzMTQyOTI%3D&__cft__[0]=AZVJbdAayS3faYR56yOe5E00uzjrtWYRcQW_23pQX2kFBz0_YFud8UPRz3UUCIgZfqytBQUjR95p5ZWBBgpI4tgMmtbqeL5c6KFnzmw8-zYIOMS_FjjZPZlUH0FPmqXZpBs0KcC3AVBuhDAX3AQ6a_3u&__tn__=R]-R,Phea Reak,,https://www.facebook.com/JimmyMengkh/posts/2114330322037030?comment_id=2114891035314292&__cft__[0]=AZVJbdAayS3faYR56yOe5E00uzjrtWYRcQW_23pQX2kFBz0_YFud8UPRz3UUCIgZfqytBQUjR95p5ZWBBgpI4tgMmtbqeL5c6KFnzmw8-zYIOMS_FjjZPZlUH0FPmqXZpBs0KcC3AVBuhDAX3AQ6a_3u&__tn__=R]-R,12h,https://scontent.fpnh10-1.fna.fbcdn.net/v/t39.1997-6/cp0/s110x80/47270791_937342239796388_4222599360510164992_n.png?_nc_cat=1&ccb=2&_nc_sid=ac3552&_nc_ohc=pID2H33yDCMAX8bM2Bn&_nc_oc=AQkOwviKoCTuJYblWKWgyluj9ZFXWQx9ldcJb-p8tqqnzUG79mSDSL9DT5b7pjDggqY&_nc_ht=scontent.fpnh10-1.fna&_nc_tp=30&oh=ef90cc22c681223e73fc3cb838e57025&oe=602BDCCD,
https://www.facebook.com/tha.vath.5492?comment_id=Y29tbWVudDoyMTE0MzMwMzIyMDM3MDMwXzIxMTUxMTQzMzg2MjUyOTU%3D&__cft__[0]=AZVJbdAayS3faYR56yOe5E00uzjrtWYRcQW_23pQX2kFBz0_YFud8UPRz3UUCIgZfqytBQUjR95p5ZWBBgpI4tgMmtbqeL5c6KFnzmw8-zYIOMS_FjjZPZlUH0FPmqXZpBs0KcC3AVBuhDAX3AQ6a_3u&__tn__=R]-R,Tha Vath,,https://www.facebook.com/JimmyMengkh/posts/2114330322037030?comment_id=2115114338625295&__cft__[0]=AZVJbdAayS3faYR56yOe5E00uzjrtWYRcQW_23pQX2kFBz0_YFud8UPRz3UUCIgZfqytBQUjR95p5ZWBBgpI4tgMmtbqeL5c6KFnzmw8-zYIOMS_FjjZPZlUH0FPmqXZpBs0KcC3AVBuhDAX3AQ6a_3u&__tn__=R]-R,5h,,https://static.xx.fbcdn.net/images/emoji.php/v9/tea/1/16/1f970.png
https://www.facebook.com/profile.php?id=100008462583870&comment_id=Y29tbWVudDoyMTE0MzMwMzIyMDM3MDMwXzIxMTU0OTAzNzg1ODc2OTE%3D&__cft__[0]=AZVJbdAayS3faYR56yOe5E00uzjrtWYRcQW_23pQX2kFBz0_YFud8UPRz3UUCIgZfqytBQUjR95p5ZWBBgpI4tgMmtbqeL5c6KFnzmw8-zYIOMS_FjjZPZlUH0FPmqXZpBs0KcC3AVBuhDAX3AQ6a_3u&__tn__=R]-R,Srey Neang,,https://www.facebook.com/JimmyMengkh/posts/2114330322037030?comment_id=2115490378587691&__cft__[0]=AZVJbdAayS3faYR56yOe5E00uzjrtWYRcQW_23pQX2kFBz0_YFud8UPRz3UUCIgZfqytBQUjR95p5ZWBBgpI4tgMmtbqeL5c6KFnzmw8-zYIOMS_FjjZPZlUH0FPmqXZpBs0KcC3AVBuhDAX3AQ6a_3u&__tn__=R]-R,53m,,https://static.xx.fbcdn.net/images/emoji.php/v9/tbc/1/32/1f60d.png
https://www.facebook.com/ah.saychhun?comment_id=Y29tbWVudDoyMTE0MzMwMzIyMDM3MDMwXzIxMTU0ODQ0MDUyNTQ5NTU%3D&__cft__[0]=AZVJbdAayS3faYR56yOe5E00uzjrtWYRcQW_23pQX2kFBz0_YFud8UPRz3UUCIgZfqytBQUjR95p5ZWBBgpI4tgMmtbqeL5c6KFnzmw8-zYIOMS_FjjZPZlUH0FPmqXZpBs0KcC3AVBuhDAX3AQ6a_3u&__tn__=R]-R,Punreach Seng,,https://www.facebook.com/JimmyMengkh/posts/2114330322037030?comment_id=2115484405254955&__cft__[0]=AZVJbdAayS3faYR56yOe5E00uzjrtWYRcQW_23pQX2kFBz0_YFud8UPRz3UUCIgZfqytBQUjR95p5ZWBBgpI4tgMmtbqeL5c6KFnzmw8-zYIOMS_FjjZPZlUH0FPmqXZpBs0KcC3AVBuhDAX3AQ6a_3u&__tn__=R]-R,1h,,https://static.xx.fbcdn.net/images/emoji.php/v9/tfa/1/32/2728.png
https://www.facebook.com/profile.php?id=100013489056514&comment_id=Y29tbWVudDoyMTE0MzMwMzIyMDM3MDMwXzIxMTQ1Njc3ODIwMTMyODQ%3D&__cft__[0]=AZVJbdAayS3faYR56yOe5E00uzjrtWYRcQW_23pQX2kFBz0_YFud8UPRz3UUCIgZfqytBQUjR95p5ZWBBgpI4tgMmtbqeL5c6KFnzmw8-zYIOMS_FjjZPZlUH0FPmqXZpBs0KcC3AVBuhDAX3AQ6a_3u&__tn__=R]-R,Chanthy Meng Huoy,,https://www.facebook.com/JimmyMengkh/posts/2114330322037030?comment_id=2114567782013284&__cft__[0]=AZVJbdAayS3faYR56yOe5E00uzjrtWYRcQW_23pQX2kFBz0_YFud8UPRz3UUCIgZfqytBQUjR95p5ZWBBgpI4tgMmtbqeL5c6KFnzmw8-zYIOMS_FjjZPZlUH0FPmqXZpBs0KcC3AVBuhDAX3AQ6a_3u&__tn__=R]-R,21h,,https://static.xx.fbcdn.net/images/emoji.php/v9/t22/1/32/1f495.png
https://www.facebook.com/soeng.pisey.5?comment_id=Y29tbWVudDoyMTE0MzMwMzIyMDM3MDMwXzIxMTUwNTcxMDUyOTc2ODU%3D&__cft__[0]=AZVJbdAayS3faYR56yOe5E00uzjrtWYRcQW_23pQX2kFBz0_YFud8UPRz3UUCIgZfqytBQUjR95p5ZWBBgpI4tgMmtbqeL5c6KFnzmw8-zYIOMS_FjjZPZlUH0FPmqXZpBs0KcC3AVBuhDAX3AQ6a_3u&__tn__=R]-R,Soeng Pisey,,https://www.facebook.com/JimmyMengkh/posts/2114330322037030?comment_id=2115057105297685&__cft__[0]=AZVJbdAayS3faYR56yOe5E00uzjrtWYRcQW_23pQX2kFBz0_YFud8UPRz3UUCIgZfqytBQUjR95p5ZWBBgpI4tgMmtbqeL5c6KFnzmw8-zYIOMS_FjjZPZlUH0FPmqXZpBs0KcC3AVBuhDAX3AQ6a_3u&__tn__=R]-R,7h,,https://static.xx.fbcdn.net/images/emoji.php/v9/tbc/1/32/1f60d.png
https://www.facebook.com/sopheathaimahakhmer?comment_id=Y29tbWVudDoyMTE0MzMwMzIyMDM3MDMwXzIxMTUwMjA2OTE5Njc5OTM%3D&__cft__[0]=AZVJbdAayS3faYR56yOe5E00uzjrtWYRcQW_23pQX2kFBz0_YFud8UPRz3UUCIgZfqytBQUjR95p5ZWBBgpI4tgMmtbqeL5c6KFnzmw8-zYIOMS_FjjZPZlUH0FPmqXZpBs0KcC3AVBuhDAX3AQ6a_3u&__tn__=R]-R,Sophea Thai,,https://www.facebook.com/JimmyMengkh/posts/2114330322037030?comment_id=2115020691967993&__cft__[0]=AZVJbdAayS3faYR56yOe5E00uzjrtWYRcQW_23pQX2kFBz0_YFud8UPRz3UUCIgZfqytBQUjR95p5ZWBBgpI4tgMmtbqeL5c6KFnzmw8-zYIOMS_FjjZPZlUH0FPmqXZpBs0KcC3AVBuhDAX3AQ6a_3u&__tn__=R]-R,8h,,
https://www.facebook.com/nget.sophea.7330?comment_id=Y29tbWVudDoyMTE0MzMwMzIyMDM3MDMwXzIxMTQ3ODE4NzE5OTE4NzU%3D&__cft__[0]=AZVJbdAayS3faYR56yOe5E00uzjrtWYRcQW_23pQX2kFBz0_YFud8UPRz3UUCIgZfqytBQUjR95p5ZWBBgpI4tgMmtbqeL5c6KFnzmw8-zYIOMS_FjjZPZlUH0FPmqXZpBs0KcC3AVBuhDAX3AQ6a_3u&__tn__=R]-R,Nget Sophea,,https://www.facebook.com/JimmyMengkh/posts/2114330322037030?comment_id=2114781871991875&__cft__[0]=AZVJbdAayS3faYR56yOe5E00uzjrtWYRcQW_23pQX2kFBz0_YFud8UPRz3UUCIgZfqytBQUjR95p5ZWBBgpI4tgMmtbqeL5c6KFnzmw8-zYIOMS_FjjZPZlUH0FPmqXZpBs0KcC3AVBuhDAX3AQ6a_3u&__tn__=R]-R,15h,https://scontent.fpnh10-1.fna.fbcdn.net/v/t39.1997-6/cp0/s110x80/47270791_937342239796388_4222599360510164992_n.png?_nc_cat=1&ccb=2&_nc_sid=ac3552&_nc_ohc=pID2H33yDCMAX8bM2Bn&_nc_oc=AQkOwviKoCTuJYblWKWgyluj9ZFXWQx9ldcJb-p8tqqnzUG79mSDSL9DT5b7pjDggqY&_nc_ht=scontent.fpnh10-1.fna&_nc_tp=30&oh=ef90cc22c681223e73fc3cb838e57025&oe=602BDCCD,
https://www.facebook.com/profile.php?id=100036754013797&comment_id=Y29tbWVudDoyMTE0MzMwMzIyMDM3MDMwXzIxMTQ2NzY2NzUzMzU3Mjg%3D&__cft__[0]=AZVJbdAayS3faYR56yOe5E00uzjrtWYRcQW_23pQX2kFBz0_YFud8UPRz3UUCIgZfqytBQUjR95p5ZWBBgpI4tgMmtbqeL5c6KFnzmw8-zYIOMS_FjjZPZlUH0FPmqXZpBs0KcC3AVBuhDAX3AQ6a_3u&__tn__=R]-R,ធី ចន្នា,ស្អាត,https://www.facebook.com/JimmyMengkh/posts/2114330322037030?comment_id=2114676675335728&__cft__[0]=AZVJbdAayS3faYR56yOe5E00uzjrtWYRcQW_23pQX2kFBz0_YFud8UPRz3UUCIgZfqytBQUjR95p5ZWBBgpI4tgMmtbqeL5c6KFnzmw8-zYIOMS_FjjZPZlUH0FPmqXZpBs0KcC3AVBuhDAX3AQ6a_3u&__tn__=R]-R,18h,,
https://www.facebook.com/profile.php?id=100040662451933&comment_id=Y29tbWVudDoyMTE0MzMwMzIyMDM3MDMwXzIxMTQ2NDY3OTIwMDUzODM%3D&__cft__[0]=AZVJbdAayS3faYR56yOe5E00uzjrtWYRcQW_23pQX2kFBz0_YFud8UPRz3UUCIgZfqytBQUjR95p5ZWBBgpI4tgMmtbqeL5c6KFnzmw8-zYIOMS_FjjZPZlUH0FPmqXZpBs0KcC3AVBuhDAX3AQ6a_3u&__tn__=R]-R,Nai Nai,ធ្វើការរហូតទាល់តែ..... ?,https://www.facebook.com/JimmyMengkh/posts/2114330322037030?comment_id=2114646792005383&__cft__[0]=AZVJbdAayS3faYR56yOe5E00uzjrtWYRcQW_23pQX2kFBz0_YFud8UPRz3UUCIgZfqytBQUjR95p5ZWBBgpI4tgMmtbqeL5c6KFnzmw8-zYIOMS_FjjZPZlUH0FPmqXZpBs0KcC3AVBuhDAX3AQ6a_3u&__tn__=R]-R,19h,,
https://www.facebook.com/ratana.sann.31?comment_id=Y29tbWVudDoyMTE0MzMwMzIyMDM3MDMwXzIxMTQ2NjE2Nzg2NzA1NjE%3D&__cft__[0]=AZVJbdAayS3faYR56yOe5E00uzjrtWYRcQW_23pQX2kFBz0_YFud8UPRz3UUCIgZfqytBQUjR95p5ZWBBgpI4tgMmtbqeL5c6KFnzmw8-zYIOMS_FjjZPZlUH0FPmqXZpBs0KcC3AVBuhDAX3AQ6a_3u&__tn__=R]-R,Ratana Sann,,https://www.facebook.com/JimmyMengkh/posts/2114330322037030?comment_id=2114661678670561&__cft__[0]=AZVJbdAayS3faYR56yOe5E00uzjrtWYRcQW_23pQX2kFBz0_YFud8UPRz3UUCIgZfqytBQUjR95p5ZWBBgpI4tgMmtbqeL5c6KFnzmw8-zYIOMS_FjjZPZlUH0FPmqXZpBs0KcC3AVBuhDAX3AQ6a_3u&__tn__=R]-R,18h,,
https://www.facebook.com/ratana.sann.31?comment_id=Y29tbWVudDoyMTE0MzMwMzIyMDM3MDMwXzIxMTQ2NjE3Njg2NzA1NTI%3D&__cft__[0]=AZVJbdAayS3faYR56yOe5E00uzjrtWYRcQW_23pQX2kFBz0_YFud8UPRz3UUCIgZfqytBQUjR95p5ZWBBgpI4tgMmtbqeL5c6KFnzmw8-zYIOMS_FjjZPZlUH0FPmqXZpBs0KcC3AVBuhDAX3AQ6a_3u&__tn__=R]-R,Ratana Sann,,https://www.facebook.com/JimmyMengkh/posts/2114330322037030?comment_id=2114661768670552&__cft__[0]=AZVJbdAayS3faYR56yOe5E00uzjrtWYRcQW_23pQX2kFBz0_YFud8UPRz3UUCIgZfqytBQUjR95p5ZWBBgpI4tgMmtbqeL5c6KFnzmw8-zYIOMS_FjjZPZlUH0FPmqXZpBs0KcC3AVBuhDAX3AQ6a_3u&__tn__=R]-R,18h,,
https://www.facebook.com/sonich.pheak?comment_id=Y29tbWVudDoyMTE0MzMwMzIyMDM3MDMwXzIxMTQzNDA4MDg3MDI2NDg%3D&__cft__[0]=AZVJbdAayS3faYR56yOe5E00uzjrtWYRcQW_23pQX2kFBz0_YFud8UPRz3UUCIgZfqytBQUjR95p5ZWBBgpI4tgMmtbqeL5c6KFnzmw8-zYIOMS_FjjZPZlUH0FPmqXZpBs0KcC3AVBuhDAX3AQ6a_3u&__tn__=R]-R,សុភនិច្ច ហ្វីលីប,ចាស៎​  អរគុណ​បងស្រី​️,https://www.facebook.com/JimmyMengkh/posts/2114330322037030?comment_id=2114340808702648&__cft__[0]=AZVJbdAayS3faYR56yOe5E00uzjrtWYRcQW_23pQX2kFBz0_YFud8UPRz3UUCIgZfqytBQUjR95p5ZWBBgpI4tgMmtbqeL5c6KFnzmw8-zYIOMS_FjjZPZlUH0FPmqXZpBs0KcC3AVBuhDAX3AQ6a_3u&__tn__=R]-R,1d,,https://static.xx.fbcdn.net/images/emoji.php/v9/t76/1/16/1f48b.png
https://www.facebook.com/ratana.sann.31?comment_id=Y29tbWVudDoyMTE0MzMwMzIyMDM3MDMwXzIxMTQ2NjE4Mzg2NzA1NDU%3D&__cft__[0]=AZVJbdAayS3faYR56yOe5E00uzjrtWYRcQW_23pQX2kFBz0_YFud8UPRz3UUCIgZfqytBQUjR95p5ZWBBgpI4tgMmtbqeL5c6KFnzmw8-zYIOMS_FjjZPZlUH0FPmqXZpBs0KcC3AVBuhDAX3AQ6a_3u&__tn__=R]-R,Ratana Sann,,https://www.facebook.com/JimmyMengkh/posts/2114330322037030?comment_id=2114661838670545&__cft__[0]=AZVJbdAayS3faYR56yOe5E00uzjrtWYRcQW_23pQX2kFBz0_YFud8UPRz3UUCIgZfqytBQUjR95p5ZWBBgpI4tgMmtbqeL5c6KFnzmw8-zYIOMS_FjjZPZlUH0FPmqXZpBs0KcC3AVBuhDAX3AQ6a_3u&__tn__=R]-R,18h,,
https://www.facebook.com/profile.php?id=100010502589545&comment_id=Y29tbWVudDoyMTE0MzMwMzIyMDM3MDMwXzIxMTQ4MzM5MjUzMjAwMDM%3D&__cft__[0]=AZVJbdAayS3faYR56yOe5E00uzjrtWYRcQW_23pQX2kFBz0_YFud8UPRz3UUCIgZfqytBQUjR95p5ZWBBgpI4tgMmtbqeL5c6KFnzmw8-zYIOMS_FjjZPZlUH0FPmqXZpBs0KcC3AVBuhDAX3AQ6a_3u&__tn__=R]-R,អូន ម៉េង,,https://www.facebook.com/JimmyMengkh/posts/2114330322037030?comment_id=2114833925320003&__cft__[0]=AZVJbdAayS3faYR56yOe5E00uzjrtWYRcQW_23pQX2kFBz0_YFud8UPRz3UUCIgZfqytBQUjR95p5ZWBBgpI4tgMmtbqeL5c6KFnzmw8-zYIOMS_FjjZPZlUH0FPmqXZpBs0KcC3AVBuhDAX3AQ6a_3u&__tn__=R]-R,14h,https://scontent.fpnh10-1.fna.fbcdn.net/v/t39.1997-6/p320x320/17633084_2041011739459633_7391660925691887616_n.png?_nc_cat=1&ccb=2&_nc_sid=0572db&_nc_ohc=qINY5AFdL68AX8YLx4A&_nc_ht=scontent.fpnh10-1.fna&_nc_tp=30&oh=e6c3625a92f208648b408c36ba29a83b&oe=602BB8CB,
https://www.facebook.com/profile.php?id=100034343764372&comment_id=Y29tbWVudDoyMTE0MzMwMzIyMDM3MDMwXzIxMTQ1NTI5MjIwMTQ3NzA%3D&__cft__[0]=AZVJbdAayS3faYR56yOe5E00uzjrtWYRcQW_23pQX2kFBz0_YFud8UPRz3UUCIgZfqytBQUjR95p5ZWBBgpI4tgMmtbqeL5c6KFnzmw8-zYIOMS_FjjZPZlUH0FPmqXZpBs0KcC3AVBuhDAX3AQ6a_3u&__tn__=R]-R,ដារ៉ា បាកាន,,https://www.facebook.com/JimmyMengkh/posts/2114330322037030?comment_id=2114552922014770&__cft__[0]=AZVJbdAayS3faYR56yOe5E00uzjrtWYRcQW_23pQX2kFBz0_YFud8UPRz3UUCIgZfqytBQUjR95p5ZWBBgpI4tgMmtbqeL5c6KFnzmw8-zYIOMS_FjjZPZlUH0FPmqXZpBs0KcC3AVBuhDAX3AQ6a_3u&__tn__=R]-R,22h,https://scontent.fpnh10-1.fna.fbcdn.net/v/t39.1997-6/cp0/s110x80/47270791_937342239796388_4222599360510164992_n.png?_nc_cat=1&ccb=2&_nc_sid=ac3552&_nc_ohc=pID2H33yDCMAX8bM2Bn&_nc_oc=AQkOwviKoCTuJYblWKWgyluj9ZFXWQx9ldcJb-p8tqqnzUG79mSDSL9DT5b7pjDggqY&_nc_ht=scontent.fpnh10-1.fna&_nc_tp=30&oh=ef90cc22c681223e73fc3cb838e57025&oe=602BDCCD,
https://www.facebook.com/van.dara.98284?comment_id=Y29tbWVudDoyMTE0MzMwMzIyMDM3MDMwXzIxMTQ5NDE3ODg2NDI1NTA%3D&__cft__[0]=AZVJbdAayS3faYR56yOe5E00uzjrtWYRcQW_23pQX2kFBz0_YFud8UPRz3UUCIgZfqytBQUjR95p5ZWBBgpI4tgMmtbqeL5c6KFnzmw8-zYIOMS_FjjZPZlUH0FPmqXZpBs0KcC3AVBuhDAX3AQ6a_3u&__tn__=R]-R,Van Dara,,https://www.facebook.com/JimmyMengkh/posts/2114330322037030?comment_id=2114941788642550&__cft__[0]=AZVJbdAayS3faYR56yOe5E00uzjrtWYRcQW_23pQX2kFBz0_YFud8UPRz3UUCIgZfqytBQUjR95p5ZWBBgpI4tgMmtbqeL5c6KFnzmw8-zYIOMS_FjjZPZlUH0FPmqXZpBs0KcC3AVBuhDAX3AQ6a_3u&__tn__=R]-R,10h,https://scontent.fpnh10-1.fna.fbcdn.net/v/t39.1997-6/p403x403/106702127_953852515077106_5584524183393874628_n.png?_nc_cat=1&ccb=2&_nc_sid=0572db&_nc_ohc=MrB2Es6XHl4AX-lh-Cy&_nc_oc=AQmynZPhVl6RW7xTW42z5RgI2IffqRQuXVSPt40CVvcj3TCQ9P4_MAKnHwZCELDgc5M&_nc_ht=scontent.fpnh10-1.fna&_nc_tp=30&oh=2fb1d45e186b366f6e268cc96e7422e9&oe=602A2643,
https://www.facebook.com/dara.sunfc?comment_id=Y29tbWVudDoyMTE0MzMwMzIyMDM3MDMwXzIxMTQ1NjU5NDIwMTM0Njg%3D&__cft__[0]=AZVJbdAayS3faYR56yOe5E00uzjrtWYRcQW_23pQX2kFBz0_YFud8UPRz3UUCIgZfqytBQUjR95p5ZWBBgpI4tgMmtbqeL5c6KFnzmw8-zYIOMS_FjjZPZlUH0FPmqXZpBs0KcC3AVBuhDAX3AQ6a_3u&__tn__=R]-R,Dara Sunfc,,https://www.facebook.com/JimmyMengkh/posts/2114330322037030?comment_id=2114565942013468&__cft__[0]=AZVJbdAayS3faYR56yOe5E00uzjrtWYRcQW_23pQX2kFBz0_YFud8UPRz3UUCIgZfqytBQUjR95p5ZWBBgpI4tgMmtbqeL5c6KFnzmw8-zYIOMS_FjjZPZlUH0FPmqXZpBs0KcC3AVBuhDAX3AQ6a_3u&__tn__=R]-R,21h,https://scontent.fpnh10-1.fna.fbcdn.net/v/t39.1997-6/p320x320/17633084_2041011739459633_7391660925691887616_n.png?_nc_cat=1&ccb=2&_nc_sid=0572db&_nc_ohc=qINY5AFdL68AX8YLx4A&_nc_ht=scontent.fpnh10-1.fna&_nc_tp=30&oh=e6c3625a92f208648b408c36ba29a83b&oe=602BB8CB,
https://www.facebook.com/nich.fc.3990?comment_id=Y29tbWVudDoyMTE0MzMwMzIyMDM3MDMwXzIxMTQ1NDk2ODIwMTUwOTQ%3D&__cft__[0]=AZVJbdAayS3faYR56yOe5E00uzjrtWYRcQW_23pQX2kFBz0_YFud8UPRz3UUCIgZfqytBQUjR95p5ZWBBgpI4tgMmtbqeL5c6KFnzmw8-zYIOMS_FjjZPZlUH0FPmqXZpBs0KcC3AVBuhDAX3AQ6a_3u&__tn__=R]-R,Sovan Reach,,https://www.facebook.com/JimmyMengkh/posts/2114330322037030?comment_id=2114549682015094&__cft__[0]=AZVJbdAayS3faYR56yOe5E00uzjrtWYRcQW_23pQX2kFBz0_YFud8UPRz3UUCIgZfqytBQUjR95p5ZWBBgpI4tgMmtbqeL5c6KFnzmw8-zYIOMS_FjjZPZlUH0FPmqXZpBs0KcC3AVBuhDAX3AQ6a_3u&__tn__=R]-R,22h,https://scontent.fpnh10-1.fna.fbcdn.net/v/t39.1997-6/s480x480/851564_177569815758615_511640780_n.png?_nc_cat=1&ccb=2&_nc_sid=0572db&_nc_ohc=6XEBf46op58AX_aNYs7&_nc_ht=scontent.fpnh10-1.fna&_nc_tp=30&oh=d688140a02ddcdeaec2cb65090f2c056&oe=602A1939,
https://www.facebook.com/leng.kompheak?comment_id=Y29tbWVudDoyMTE0MzMwMzIyMDM3MDMwXzIxMTQ1NDk2NTIwMTUwOTc%3D&__cft__[0]=AZVJbdAayS3faYR56yOe5E00uzjrtWYRcQW_23pQX2kFBz0_YFud8UPRz3UUCIgZfqytBQUjR95p5ZWBBgpI4tgMmtbqeL5c6KFnzmw8-zYIOMS_FjjZPZlUH0FPmqXZpBs0KcC3AVBuhDAX3AQ6a_3u&__tn__=R]-R,Phä Rinn,,https://www.facebook.com/JimmyMengkh/posts/2114330322037030?comment_id=2114549652015097&__cft__[0]=AZVJbdAayS3faYR56yOe5E00uzjrtWYRcQW_23pQX2kFBz0_YFud8UPRz3UUCIgZfqytBQUjR95p5ZWBBgpI4tgMmtbqeL5c6KFnzmw8-zYIOMS_FjjZPZlUH0FPmqXZpBs0KcC3AVBuhDAX3AQ6a_3u&__tn__=R]-R,22h,https://scontent.fpnh10-1.fna.fbcdn.net/v/t39.1997-6/cp0/s110x80/47270791_937342239796388_4222599360510164992_n.png?_nc_cat=1&ccb=2&_nc_sid=ac3552&_nc_ohc=pID2H33yDCMAX8bM2Bn&_nc_oc=AQkOwviKoCTuJYblWKWgyluj9ZFXWQx9ldcJb-p8tqqnzUG79mSDSL9DT5b7pjDggqY&_nc_ht=scontent.fpnh10-1.fna&_nc_tp=30&oh=ef90cc22c681223e73fc3cb838e57025&oe=602BDCCD,
https://www.facebook.com/ah.horng.503092?comment_id=Y29tbWVudDoyMTE0MzMwMzIyMDM3MDMwXzIxMTQ1NDk2MDIwMTUxMDI%3D&__cft__[0]=AZVJbdAayS3faYR56yOe5E00uzjrtWYRcQW_23pQX2kFBz0_YFud8UPRz3UUCIgZfqytBQUjR95p5ZWBBgpI4tgMmtbqeL5c6KFnzmw8-zYIOMS_FjjZPZlUH0FPmqXZpBs0KcC3AVBuhDAX3AQ6a_3u&__tn__=R]-R,Ah Horng,,https://www.facebook.com/JimmyMengkh/posts/2114330322037030?comment_id=2114549602015102&__cft__[0]=AZVJbdAayS3faYR56yOe5E00uzjrtWYRcQW_23pQX2kFBz0_YFud8UPRz3UUCIgZfqytBQUjR95p5ZWBBgpI4tgMmtbqeL5c6KFnzmw8-zYIOMS_FjjZPZlUH0FPmqXZpBs0KcC3AVBuhDAX3AQ6a_3u&__tn__=R]-R,22h,https://scontent.fpnh10-1.fna.fbcdn.net/v/t39.1997-6/p320x320/105941685_953860581742966_1572841152382279834_n.png?_nc_cat=1&ccb=2&_nc_sid=0572db&_nc_ohc=xUz2_QXOix4AX-pk-3z&_nc_ht=scontent.fpnh10-1.fna&_nc_tp=30&oh=8980baeff6d6b88f61c4de70871a81fa&oe=602C714E,
https://www.facebook.com/sara.sarn.336?comment_id=Y29tbWVudDoyMTE0MzMwMzIyMDM3MDMwXzIxMTQ1NDc1MzIwMTUzMDk%3D&__cft__[0]=AZVJbdAayS3faYR56yOe5E00uzjrtWYRcQW_23pQX2kFBz0_YFud8UPRz3UUCIgZfqytBQUjR95p5ZWBBgpI4tgMmtbqeL5c6KFnzmw8-zYIOMS_FjjZPZlUH0FPmqXZpBs0KcC3AVBuhDAX3AQ6a_3u&__tn__=R]-R,Sara San,,https://www.facebook.com/JimmyMengkh/posts/2114330322037030?comment_id=2114547532015309&__cft__[0]=AZVJbdAayS3faYR56yOe5E00uzjrtWYRcQW_23pQX2kFBz0_YFud8UPRz3UUCIgZfqytBQUjR95p5ZWBBgpI4tgMmtbqeL5c6KFnzmw8-zYIOMS_FjjZPZlUH0FPmqXZpBs0KcC3AVBuhDAX3AQ6a_3u&__tn__=R]-R,22h,https://scontent.fpnh10-1.fna.fbcdn.net/v/t39.1997-6/p320x320/68866962_1459627384162000_4858367271799619584_n.png?_nc_cat=1&ccb=2&_nc_sid=0572db&_nc_ohc=7q4EptP944kAX9eKekZ&_nc_ht=scontent.fpnh10-1.fna&_nc_tp=30&oh=c1e21067abf0e5212cf7d8a24dde718b&oe=60295BCC,
https://www.facebook.com/profile.php?id=100019932785415&comment_id=Y29tbWVudDoyMTE0MzMwMzIyMDM3MDMwXzIxMTQ1NDc0MDIwMTUzMjI%3D&__cft__[0]=AZVJbdAayS3faYR56yOe5E00uzjrtWYRcQW_23pQX2kFBz0_YFud8UPRz3UUCIgZfqytBQUjR95p5ZWBBgpI4tgMmtbqeL5c6KFnzmw8-zYIOMS_FjjZPZlUH0FPmqXZpBs0KcC3AVBuhDAX3AQ6a_3u&__tn__=R]-R,Aliza BT,ចូលចិត្ត Caption ណាស់,https://www.facebook.com/JimmyMengkh/posts/2114330322037030?comment_id=2114547402015322&__cft__[0]=AZVJbdAayS3faYR56yOe5E00uzjrtWYRcQW_23pQX2kFBz0_YFud8UPRz3UUCIgZfqytBQUjR95p5ZWBBgpI4tgMmtbqeL5c6KFnzmw8-zYIOMS_FjjZPZlUH0FPmqXZpBs0KcC3AVBuhDAX3AQ6a_3u&__tn__=R]-R,22h,,
https://www.facebook.com/ountaounta.chan?comment_id=Y29tbWVudDoyMTE0MzMwMzIyMDM3MDMwXzIxMTQ1NDcwOTIwMTUzNTM%3D&__cft__[0]=AZVJbdAayS3faYR56yOe5E00uzjrtWYRcQW_23pQX2kFBz0_YFud8UPRz3UUCIgZfqytBQUjR95p5ZWBBgpI4tgMmtbqeL5c6KFnzmw8-zYIOMS_FjjZPZlUH0FPmqXZpBs0KcC3AVBuhDAX3AQ6a_3u&__tn__=R]-R,OuntaOunta Chan,គួរអោយស្រលាញ់,https://www.facebook.com/JimmyMengkh/posts/2114330322037030?comment_id=2114547092015353&__cft__[0]=AZVJbdAayS3faYR56yOe5E00uzjrtWYRcQW_23pQX2kFBz0_YFud8UPRz3UUCIgZfqytBQUjR95p5ZWBBgpI4tgMmtbqeL5c6KFnzmw8-zYIOMS_FjjZPZlUH0FPmqXZpBs0KcC3AVBuhDAX3AQ6a_3u&__tn__=R]-R,22h,,
https://www.facebook.com/huni.nich?comment_id=Y29tbWVudDoyMTE0MzMwMzIyMDM3MDMwXzIxMTQzNDExOTg3MDI2MDk%3D&__cft__[0]=AZVJbdAayS3faYR56yOe5E00uzjrtWYRcQW_23pQX2kFBz0_YFud8UPRz3UUCIgZfqytBQUjR95p5ZWBBgpI4tgMmtbqeL5c6KFnzmw8-zYIOMS_FjjZPZlUH0FPmqXZpBs0KcC3AVBuhDAX3AQ6a_3u&__tn__=R]-R,ម៉ារ៉ានី ប៊ុន,ការ​និយាយ​វាមិនដូច​ការធ្វើ​ទេ...,https://www.facebook.com/JimmyMengkh/posts/2114330322037030?comment_id=2114341198702609&__cft__[0]=AZVJbdAayS3faYR56yOe5E00uzjrtWYRcQW_23pQX2kFBz0_YFud8UPRz3UUCIgZfqytBQUjR95p5ZWBBgpI4tgMmtbqeL5c6KFnzmw8-zYIOMS_FjjZPZlUH0FPmqXZpBs0KcC3AVBuhDAX3AQ6a_3u&__tn__=R]-R,1d,,
https://www.facebook.com/kanha.lovely.35?comment_id=Y29tbWVudDoyMTE0MzMwMzIyMDM3MDMwXzIxMTQ1ODgxMjIwMTEyNTA%3D&__cft__[0]=AZVJbdAayS3faYR56yOe5E00uzjrtWYRcQW_23pQX2kFBz0_YFud8UPRz3UUCIgZfqytBQUjR95p5ZWBBgpI4tgMmtbqeL5c6KFnzmw8-zYIOMS_FjjZPZlUH0FPmqXZpBs0KcC3AVBuhDAX3AQ6a_3u&__tn__=R]-R,Kanha Love Ly,ស្រលាញ់បងពេញបេះដូង,https://www.facebook.com/JimmyMengkh/posts/2114330322037030?comment_id=2114588122011250&__cft__[0]=AZVJbdAayS3faYR56yOe5E00uzjrtWYRcQW_23pQX2kFBz0_YFud8UPRz3UUCIgZfqytBQUjR95p5ZWBBgpI4tgMmtbqeL5c6KFnzmw8-zYIOMS_FjjZPZlUH0FPmqXZpBs0KcC3AVBuhDAX3AQ6a_3u&__tn__=R]-R,20h,,
https://www.facebook.com/oun.leapsingel?comment_id=Y29tbWVudDoyMTE0MzMwMzIyMDM3MDMwXzIxMTQ3NTQ0NDE5OTQ2MTg%3D&__cft__[0]=AZVJbdAayS3faYR56yOe5E00uzjrtWYRcQW_23pQX2kFBz0_YFud8UPRz3UUCIgZfqytBQUjR95p5ZWBBgpI4tgMmtbqeL5c6KFnzmw8-zYIOMS_FjjZPZlUH0FPmqXZpBs0KcC3AVBuhDAX3AQ6a_3u&__tn__=R]-R,Oun Leap Singel,ខ្ញុំចូលចិត្តសារបងគ្រប់សារ ល្អណាស់បង,https://www.facebook.com/JimmyMengkh/posts/2114330322037030?comment_id=2114754441994618&__cft__[0]=AZVJbdAayS3faYR56yOe5E00uzjrtWYRcQW_23pQX2kFBz0_YFud8UPRz3UUCIgZfqytBQUjR95p5ZWBBgpI4tgMmtbqeL5c6KFnzmw8-zYIOMS_FjjZPZlUH0FPmqXZpBs0KcC3AVBuhDAX3AQ6a_3u&__tn__=R]-R,16h,,
https://www.facebook.com/profile.php?id=100010566371711&comment_id=Y29tbWVudDoyMTE0MzMwMzIyMDM3MDMwXzIxMTQ2MDY2NDUzNDI3MzE%3D&__cft__[0]=AZVJbdAayS3faYR56yOe5E00uzjrtWYRcQW_23pQX2kFBz0_YFud8UPRz3UUCIgZfqytBQUjR95p5ZWBBgpI4tgMmtbqeL5c6KFnzmw8-zYIOMS_FjjZPZlUH0FPmqXZpBs0KcC3AVBuhDAX3AQ6a_3u&__tn__=R]-R,Vouch Near,,https://www.facebook.com/JimmyMengkh/posts/2114330322037030?comment_id=2114606645342731&__cft__[0]=AZVJbdAayS3faYR56yOe5E00uzjrtWYRcQW_23pQX2kFBz0_YFud8UPRz3UUCIgZfqytBQUjR95p5ZWBBgpI4tgMmtbqeL5c6KFnzmw8-zYIOMS_FjjZPZlUH0FPmqXZpBs0KcC3AVBuhDAX3AQ6a_3u&__tn__=R]-R,20h,https://scontent.fpnh10-1.fna.fbcdn.net/v/t39.1997-6/p320x320/17633084_2041011739459633_7391660925691887616_n.png?_nc_cat=1&ccb=2&_nc_sid=0572db&_nc_ohc=qINY5AFdL68AX8YLx4A&_nc_ht=scontent.fpnh10-1.fna&_nc_tp=30&oh=e6c3625a92f208648b408c36ba29a83b&oe=602BB8CB,
https://www.facebook.com/ralin.peav?comment_id=Y29tbWVudDoyMTE0MzMwMzIyMDM3MDMwXzIxMTQ1NjY3ODg2ODAwNTA%3D&__cft__[0]=AZVJbdAayS3faYR56yOe5E00uzjrtWYRcQW_23pQX2kFBz0_YFud8UPRz3UUCIgZfqytBQUjR95p5ZWBBgpI4tgMmtbqeL5c6KFnzmw8-zYIOMS_FjjZPZlUH0FPmqXZpBs0KcC3AVBuhDAX3AQ6a_3u&__tn__=R]-R,Ralin Peav,,https://www.facebook.com/JimmyMengkh/posts/2114330322037030?comment_id=2114566788680050&__cft__[0]=AZVJbdAayS3faYR56yOe5E00uzjrtWYRcQW_23pQX2kFBz0_YFud8UPRz3UUCIgZfqytBQUjR95p5ZWBBgpI4tgMmtbqeL5c6KFnzmw8-zYIOMS_FjjZPZlUH0FPmqXZpBs0KcC3AVBuhDAX3AQ6a_3u&__tn__=R]-R,21h,https://scontent.fpnh10-1.fna.fbcdn.net/v/t39.1997-6/cp0/s110x80/47270791_937342239796388_4222599360510164992_n.png?_nc_cat=1&ccb=2&_nc_sid=ac3552&_nc_ohc=pID2H33yDCMAX8bM2Bn&_nc_oc=AQkOwviKoCTuJYblWKWgyluj9ZFXWQx9ldcJb-p8tqqnzUG79mSDSL9DT5b7pjDggqY&_nc_ht=scontent.fpnh10-1.fna&_nc_tp=30&oh=ef90cc22c681223e73fc3cb838e57025&oe=602BDCCD,
https://www.facebook.com/chanthea.bun.71?comment_id=Y29tbWVudDoyMTE0MzMwMzIyMDM3MDMwXzIxMTQ2ODg2MzIwMDExOTk%3D&__cft__[0]=AZVJbdAayS3faYR56yOe5E00uzjrtWYRcQW_23pQX2kFBz0_YFud8UPRz3UUCIgZfqytBQUjR95p5ZWBBgpI4tgMmtbqeL5c6KFnzmw8-zYIOMS_FjjZPZlUH0FPmqXZpBs0KcC3AVBuhDAX3AQ6a_3u&__tn__=R]-R,Chanthea Bun,អូនប្រឹងប្រែងធ្វើការណាស់,https://www.facebook.com/JimmyMengkh/posts/2114330322037030?comment_id=2114688632001199&__cft__[0]=AZVJbdAayS3faYR56yOe5E00uzjrtWYRcQW_23pQX2kFBz0_YFud8UPRz3UUCIgZfqytBQUjR95p5ZWBBgpI4tgMmtbqeL5c6KFnzmw8-zYIOMS_FjjZPZlUH0FPmqXZpBs0KcC3AVBuhDAX3AQ6a_3u&__tn__=R]-R,18h,,
https://www.facebook.com/profile.php?id=100015234122865&comment_id=Y29tbWVudDoyMTE0MzMwMzIyMDM3MDMwXzIxMTQ1NjE3OTIwMTM4ODM%3D&__cft__[0]=AZVJbdAayS3faYR56yOe5E00uzjrtWYRcQW_23pQX2kFBz0_YFud8UPRz3UUCIgZfqytBQUjR95p5ZWBBgpI4tgMmtbqeL5c6KFnzmw8-zYIOMS_FjjZPZlUH0FPmqXZpBs0KcC3AVBuhDAX3AQ6a_3u&__tn__=R]-R,Tich Rachana,,https://www.facebook.com/JimmyMengkh/posts/2114330322037030?comment_id=2114561792013883&__cft__[0]=AZVJbdAayS3faYR56yOe5E00uzjrtWYRcQW_23pQX2kFBz0_YFud8UPRz3UUCIgZfqytBQUjR95p5ZWBBgpI4tgMmtbqeL5c6KFnzmw8-zYIOMS_FjjZPZlUH0FPmqXZpBs0KcC3AVBuhDAX3AQ6a_3u&__tn__=R]-R,21h,https://scontent.fpnh10-1.fna.fbcdn.net/v/t39.1997-6/cp0/s110x80/47270791_937342239796388_4222599360510164992_n.png?_nc_cat=1&ccb=2&_nc_sid=ac3552&_nc_ohc=pID2H33yDCMAX8bM2Bn&_nc_oc=AQkOwviKoCTuJYblWKWgyluj9ZFXWQx9ldcJb-p8tqqnzUG79mSDSL9DT5b7pjDggqY&_nc_ht=scontent.fpnh10-1.fna&_nc_tp=30&oh=ef90cc22c681223e73fc3cb838e57025&oe=602BDCCD,
https://www.facebook.com/vanry.loveii?comment_id=Y29tbWVudDoyMTE0MzMwMzIyMDM3MDMwXzIxMTQ2NTExOTIwMDQ5NDM%3D&__cft__[0]=AZVJbdAayS3faYR56yOe5E00uzjrtWYRcQW_23pQX2kFBz0_YFud8UPRz3UUCIgZfqytBQUjR95p5ZWBBgpI4tgMmtbqeL5c6KFnzmw8-zYIOMS_FjjZPZlUH0FPmqXZpBs0KcC3AVBuhDAX3AQ6a_3u&__tn__=R]-R,Sovanary Seat,ចា អរគុណidol️,https://www.facebook.com/JimmyMengkh/posts/2114330322037030?comment_id=2114651192004943&__cft__[0]=AZVJbdAayS3faYR56yOe5E00uzjrtWYRcQW_23pQX2kFBz0_YFud8UPRz3UUCIgZfqytBQUjR95p5ZWBBgpI4tgMmtbqeL5c6KFnzmw8-zYIOMS_FjjZPZlUH0FPmqXZpBs0KcC3AVBuhDAX3AQ6a_3u&__tn__=R]-R,19h,,https://static.xx.fbcdn.net/images/emoji.php/v9/t6c/1/16/2764.png
https://www.facebook.com/oun.ploy.167?comment_id=Y29tbWVudDoyMTE0MzMwMzIyMDM3MDMwXzIxMTQ1NTM0NjUzNDgwNDk%3D&__cft__[0]=AZVJbdAayS3faYR56yOe5E00uzjrtWYRcQW_23pQX2kFBz0_YFud8UPRz3UUCIgZfqytBQUjR95p5ZWBBgpI4tgMmtbqeL5c6KFnzmw8-zYIOMS_FjjZPZlUH0FPmqXZpBs0KcC3AVBuhDAX3AQ6a_3u&__tn__=R]-R,Oun Nutty,,https://www.facebook.com/JimmyMengkh/posts/2114330322037030?comment_id=2114553465348049&__cft__[0]=AZVJbdAayS3faYR56yOe5E00uzjrtWYRcQW_23pQX2kFBz0_YFud8UPRz3UUCIgZfqytBQUjR95p5ZWBBgpI4tgMmtbqeL5c6KFnzmw8-zYIOMS_FjjZPZlUH0FPmqXZpBs0KcC3AVBuhDAX3AQ6a_3u&__tn__=R]-R,22h,https://scontent.fpnh10-1.fna.fbcdn.net/v/t39.1997-6/p240x240/14129678_1775285309378840_2007152677_n.png?_nc_cat=1&ccb=2&_nc_sid=0572db&_nc_ohc=kjAq5WIpGi0AX8WkcfP&_nc_ht=scontent.fpnh10-1.fna&_nc_tp=30&oh=bbfce573e06f9ec502a31d9c73607441&oe=602AB35F,
https://www.facebook.com/mey.hour.54?comment_id=Y29tbWVudDoyMTE0MzMwMzIyMDM3MDMwXzIxMTQ2MzAzOTIwMDcwMjM%3D&__cft__[0]=AZVJbdAayS3faYR56yOe5E00uzjrtWYRcQW_23pQX2kFBz0_YFud8UPRz3UUCIgZfqytBQUjR95p5ZWBBgpI4tgMmtbqeL5c6KFnzmw8-zYIOMS_FjjZPZlUH0FPmqXZpBs0KcC3AVBuhDAX3AQ6a_3u&__tn__=R]-R,Mey Hour,ស្អាតណាស់,https://www.facebook.com/JimmyMengkh/posts/2114330322037030?comment_id=2114630392007023&__cft__[0]=AZVJbdAayS3faYR56yOe5E00uzjrtWYRcQW_23pQX2kFBz0_YFud8UPRz3UUCIgZfqytBQUjR95p5ZWBBgpI4tgMmtbqeL5c6KFnzmw8-zYIOMS_FjjZPZlUH0FPmqXZpBs0KcC3AVBuhDAX3AQ6a_3u&__tn__=R]-R,19h,,